<?xml version="1.0" encoding="UTF-8"?>
<component name="addvideos" extends="Scene">
    <script type="text/brightscript" uri="pkg:/components/addvideos.brs" />

    

    <children>
    <!--Title of the app-->
    <label id = "title" fonmt = "font:LargeBoldSystemFont"/>
    <!-- Button group which displays three options play practice or exit-->
    <ButtonGroup id = "buttonGroup"/>

        <!-- Define a Video node -->
        <Video 
            id="video" 
            width="500"
            height="250"
            translation="[500, 400]"
            visible = "false"
        />
        
        <!-- Label for the title -->
        <Label 
            id="l1title"
            text="Spanish Lesson 1"
            width="800"
            height="100"
            color="0x000000"
            font="font:LargeBoldSystemFont"
            translation="[300, 200]"
        />
        
        <!-- Dropdown menu button -->

        <Rectangle
            id="dropdownbutton"
            width="400"
            height="100"
            color="0xFF0000FF"
            translation="[400, 300]"
        >
            <label 
                id="dropdownlabel"
                text="Lesson 1 Summary"
                width="400"
                height="50"
                color="0xFFFFFFFF"
                font="font:SmallBoldSystemFont"
                translation="[10, 10]"
            />
            </Rectangle>


        <!-- Dropdown menu content for lesson 1 -->
        <Group id="dropdowntext" visible="false">
            <Label 
                id="l1desc"
                text="This lesson will cover the basics of Spanish. The fundamental building blocks needed to learn this language. You will learn how to sound out each letter and simple phrases."
                width="800"
                height="300"
                color="0x000000"
                font="font:MediumBoldSystemFont"
                translation="[400, 444]"
                wrap="true"
            />


    <Exiter id="Exiter"/>
        </Group>
    </children>
</component>